{
   "award_info" : [
              {
                "institution" : "Award11",
                "title" : "Award title 1",
                "link" : "link.com",
                "awarddate" : "30/06/2013",
                "award_image" : "1485862323877.jpeg",
                "showDiv" : false,
                "awardtoggleicon" : "accordion-plus.png",
                "awardpublished" : true,
                "awarddesc" : "<p>That's one small step for a man, one giant leap for mankind.</p>\n<p>&nbsp;</p>"
            }, 
            {
                "institution" : "Award2222",
                "title" : "Test Title2222",
                "link" : "testlink22.com",
                "awarddate" : "30/04/2014",
                "award_image" : "1485846380626.jpeg",
                "showDiv" : false,
                "awardtoggleicon" : "accordion-plus.png",
                "awardpublished" : true,
                "awarddesc" : "<p>Beware of little expenses. A small leak will sink a great ship.</p>"
            }
        ]
}