{
   "certificates" : {
            "certcategories" : [ 
                {
                    "categoryid" : "cat1",
                    "categoryname" : "Category1",
                    "showDiv" : true,
                    "cattoggleicon" : "accordion-minus.png",
                    "certificates" : [ 
                        {
                            "index" : 0,
                            "id" : "",
                            "certificatename" : "cert1",
                            "certificationdate" : "23/02/2017",
                            "certificationauthority" : "sdfsd",
                            "certienddate" : "",
                            "certiwithoutexpdate" : true,
                            "certilicensenumber" : "234234",
                            "certidesc" : "<p>cert1 desc</p>",
                            "certificate_image" : "",
                            "showDiv" : true,
                            "certitoggleicon" : "accordion-minus.png",
                            "certpublished" : true
                        }
                    ]
                },
                {
                    "categoryid" : "cat2",
                    "categoryname" : "Category2",
                    "showDiv" : true,
                    "cattoggleicon" : "accordion-minus.png",
                    "certificates" : [ 
                        {
                            "index" : 0,
                            "id" : "",
                            "certificatename" : "cert2",
                            "certificationdate" : "24/02/2017",
                            "certificationauthority" : "sdfsd",
                            "certienddate" : "24/03/2018",
                            "certiwithoutexpdate" : false,
                            "certilicensenumber" : "234234",
                            "certidesc" : "<p>cert2 desc</p>",
                            "certificate_image" : "",
                            "showDiv" : true,
                            "certitoggleicon" : "accordion-minus.png",
                            "certpublished" : true
                        }
                    ]
                }
            ]
        }
}