{
    "educational_info" : [ 
            {
                "institution" : "Dr. B.C. Roy Eng College",
                "degree" : "MCA",
                "grade" : "A+",
                "startdate" : "15/02/2017",
                "enddate" : "14/02/2017",
                "subject" : "Ecology",
                "focus" : [ 
                    {
                        "name" : "Focus Tag2"
                    }
                ],
                "educationdesc" : "<p>asdasd</p>",
                "showDiv" : true,
                "edutoggleicon" : "accordion-minus.png",
                "educationpublished" : true
            }, 
            {
                "institution" : "Narula Institue",
                "degree" : "BCA",
                "grade" : "A",
                "startdate" : "10/02/2017",
                "enddate" : "29/03/2017",
                "subject" : "Chemistry",
                "focus" : [ 
                    {
                        "name" : "Focus Tag2"
                    }
                ],
                "educationdesc" : "<p>test</p>",
                "showDiv" : true,
                "edutoggleicon" : "accordion-minus.png",
                "educationpublished" : true
            }
        ]
}