{
    "personal_info" : {
            "title" : "Mr.",
            "graduation" : "Calcutta University",
            "name" : "Joy",
            "surname" : "Sen",
            "middlename" : "",
            "Interest" : [ 
                {
                    "name" : "Interests tag2"
                }
            ],
            "Hobbie" : [ 
                {
                    "name" : "Football"
                }, 
                {
                    "name" : "Basket ball"
                }
            ],
            "maritalstatus" : "Married",
            "gender" : "male",
            "cityzen" : "Armenia",
            "cityofbirth" : "sdfsdf",
            "dob" : "21/02/2017",
            "personal_info_savetype" : "draft",
            "BusinessAddress" : [ 
                {
                    "businessportalid" : "",
                    "businessportal" : "Portal1",
                    "businessmobilenumber" : "12121212",
                    "businessphonenumber" : "1234567890",
                    "businesswebsite" : "fdfsd",
                    "BusinessCountry" : "Aruba",
                    "businessprovince" : "Bavaria",
                    "businesscity" : "scsc",
                    "businesspostalcode" : "sdf",
                    "businessaddress2" : "svfsd"
                }
            ],
            "PersonalAddress" : [ 
                {
                    "Personalportalid" : "sfsdfsdf",
                    "Personalportal" : "Portal1",
                    "Personalmobilenumber" : "234234",
                    "Personalphonenumber" : "24234",
                    "Personalwebsite" : "fghf",
                    "Personalemail" : "jit.brainium@gmail.com",
                    "PersonalCountry" : "Austria",
                    "Personalprovince" : "Bavaria",
                    "Personalcity" : "dgdfg",
                    "Personalpostalcode" : "sdfsd",
                    "Personaladdress2" : "dfgdf",
                    "Personaladdress1" : "sdfd"
                }
            ]
        }
}