{
   "projects_done" : [ 
            {
                "qualification_name" : "Qaulification Tag1,Qaulification Tag5",
                "projcompanyname" : "asdsa",
                "industrysector" : "asdasd",
                "country" : "asdas",
                "city" : "dasdas",
                "contactvia" : "contact4",
                "projecttitle" : "asdasd",
                "projectrole" : "role1",
                "projstartdate" : "21/07/2011",
                "projenddate" : "25/07/2013",
                "projectdesc" : "<p>asdasdasdasd</p>",
                "qualification" : [ 
                    {
                        "name" : "Qaulification Tag1"
                    }, 
                    {
                        "name" : "Qaulification Tag5"
                    }
                ],
                "showDiv" : true,
                "projtoggleicon" : "accordion-minus.png",
                "projectpublished" : true
            }, 
            {
                "qualification_name" : "Qaulification Tag4,Qaulification Tag5",
                "projcompanyname" : "company2",
                "industrysector" : "Industraila sector",
                "country" : "India",
                "city" : "kolkata",
                "contactvia" : "",
                "projecttitle" : "project1",
                "projectrole" : "role2",
                "projstartdate" : "28/02/2017",
                "projenddate" : "21/04/2017",
                "projectdesc" : "<p>test</p>",
                "qualification" : [ 
                    {
                        "name" : "Qaulification Tag4"
                    }, 
                    {
                        "name" : "Qaulification Tag5"
                    }
                ],
                "showDiv" : true,
                "projtoggleicon" : "accordion-minus.png",
                "projectpublished" : true
            }, 
            {
                "qualification_name" : "Qaulification Tag7",
                "projcompanyname" : "company3",
                "industrysector" : "xyz",
                "country" : "canada",
                "city" : "abc",
                "contactvia" : "contact1",
                "projecttitle" : "project1",
                "projectrole" : "role3",
                "projstartdate" : "25/02/2014",
                "projenddate" : "30/07/2015",
                "projectdesc" : "<p>test</p>",
                "qualification" : [ 
                    {
                        "name" : "Qaulification Tag7"
                    }
                ],
                "showDiv" : true,
                "projtoggleicon" : "accordion-minus.png",
                "projectpublished" : true
            }
        ]
}