{
    "qualification_info" : {
            "yearofbirth" : "15/02/2017",
            "graduation" : "asdas",
            "workexperience" : "5 Years",
            "description" : "<p>asdasd</p>",
            "specialisation" : [ 
                {
                    "name" : "Project Leader"
                }, 
                {
                    "name" : "Tester"
                }
            ],
            "industryfocus" : [ 
                {
                    "name" : "Focus Tag3"
                }
            ],
            "LanguageKnown" : [ 
                {
                    "language" : "English",
                    "langlevel" : "1"
                }, 
                {
                    "language" : "German",
                    "langlevel" : "0"
                }
            ],
            "ProjectRoles" : [ 
                {
                    "projectrole" : "asdasd",
                    "experience" : "2"
                }
            ],
            "MethodicalCompetence" : [ 
                {
                    "name" : "asd"
                }, 
                {
                    "name" : "Methodical Tag3"
                }
            ],
            "ItSolutions" : [ 
                {
                    "name" : "It Solutions Tag2"
                }
            ],
            "SolutionFunctionalities" : [ 
                {
                    "name" : "Solution Functionalities Tag2"
                }
            ],
            "OfficeSolution" : [ 
                {
                    "name" : "Office Solution Tag3"
                }
            ],
            "Certificates" : [ 
                {
                    "name" : "Certificate Tag3"
                }
            ],
            "qualification_info_savetype" : "published",
            "published" : true
        }
}