{
    "profile" : {
        "personal_info" : {
            "title" : "Mr.",
            "graduation" : "Calcutta University",
            "name" : "Arnab",
            "surname" : "Roy",
            "middlename" : "",
            "Interest" : [ 
                {
                    "name" : "Interests tag2"
                }
            ],
            "Hobbie" : [ 
                {
                    "name" : "Football"
                }, 
                {
                    "name" : "Basket ball"
                }
            ],
            "industry" : "",
            "companyname" : "",
            "jobtitle" : "",
            "tags" : [],
            "positiondesc" : "",
            "website" : "",
            "currentposition" : "",
            "profjobstartdate" : "",
            "profjobenddate" : "",
            "maritalstatus" : "Married",
            "gender" : "male",
            "cityzen" : "Armenia",
            "cityofbirth" : "sdfsdf",
            "employee" : "",
            "careerlevel" : "",
            "companytype" : "",
            "employmenttype" : "",
            "dob" : "21/02/2017",
            "city" : "",
            "personal_info_savetype" : "draft",
            "BusinessAddress" : [ 
                {
                    "businessportalid" : "",
                    "businessportal" : "Portal1",
                    "businessmobilenumber" : "12121212",
                    "businessphonenumber" : "1234567890",
                    "businesswebsite" : "fdfsd",
                    "BusinessCountry" : "Aruba",
                    "businessprovince" : "Bavaria",
                    "businesscity" : "scsc",
                    "businesspostalcode" : "sdf",
                    "businessaddress2" : "svfsd"
                }
            ],
            "PersonalAddress" : [ 
                {
                    "Personalportalid" : "sfsdfsdf",
                    "Personalportal" : "Portal1",
                    "Personalmobilenumber" : "234234",
                    "Personalphonenumber" : "24234",
                    "Personalwebsite" : "fghf",
                    "Personalemail" : "jit.brainium@gmail.com",
                    "PersonalCountry" : "Austria",
                    "Personalprovince" : "Bavaria",
                    "Personalcity" : "dgdfg",
                    "Personalpostalcode" : "sdfsd",
                    "Personaladdress2" : "dfgdf",
                    "Personaladdress1" : "sdfd"
                }
            ]
        },
        "educational_info" : [ 
            {
                "institution" : "Education1",
                "degree" : "asdasd",
                "grade" : "123213",
                "startdate" : "15/02/2017",
                "enddate" : "14/02/2017",
                "subject" : "Ecology",
                "focus" : [ 
                    {
                        "name" : "Focus Tag2"
                    }
                ],
                "educationdesc" : "<p>asdasd</p>",
                "showDiv" : true,
                "edutoggleicon" : "accordion-minus.png",
                "educationpublished" : true
            }, 
            {
                "institution" : "Education2",
                "degree" : "B.tech",
                "grade" : "A",
                "startdate" : "10/02/2017",
                "enddate" : "29/03/2017",
                "subject" : "Chemistry",
                "focus" : [ 
                    {
                        "name" : "Focus Tag2"
                    }
                ],
                "educationdesc" : "<p>test</p>",
                "showDiv" : true,
                "edutoggleicon" : "accordion-minus.png",
                "educationpublished" : true
            }
        ],
        "award_info" : [
              {
                "institution" : "Award11",
                "title" : "Award title 1",
                "link" : "link.com",
                "awarddate" : "30/06/2013",
                "awardsdesc" : "",
                "certificate" : {
                    "certurl" : "http://192.168.1.24:4139/uploads/awardcertificate/1485862323877.jpeg",
                    "certificate__name" : "1485862323877.jpeg",
                    "index" : 1
                },
                "showDiv" : false,
                "awardtoggleicon" : "accordion-plus.png",
                "awardpublished" : true,
                "awarddesc" : "<p>That's one small step for a man, one giant leap for mankind.</p>\n<p>&nbsp;</p>"
            }, 
            {
                "institution" : "Award2222",
                "title" : "Test Title2222",
                "link" : "testlink22.com",
                "awarddate" : "30/04/2014",
                "awardsdesc" : "",
                "certificate" : {
                    "certurl" : "http://192.168.1.24:4139/uploads/awardcertificate/1485846380626.jpeg",
                    "certificate__name" : "1485846380626.jpeg",
                    "index" : 0
                },
                "showDiv" : false,
                "awardtoggleicon" : "accordion-plus.png",
                "awardpublished" : true,
                "awarddesc" : "<br><p>Beware of little expenses. A small leak will sink a great ship.</p>"
            }
        ],
        "qualification_info" : {
            "yearofbirth" : "15/02/2017",
            "graduation" : "asdas",
            "workexperience" : "5 Years",
            "description" : "<p>asdasd</p>",
            "specialisation" : [ 
                {
                    "name" : "Project Leader"
                }, 
                {
                    "name" : "Tester"
                }
            ],
            "industryfocus" : [ 
                {
                    "name" : "Focus Tag3"
                }
            ],
            "LanguageKnown" : [ 
                {
                    "language" : "English",
                    "langlevel" : "1"
                }, 
                {
                    "language" : "German",
                    "langlevel" : ""
                }
            ],
            "ProjectRoles" : [ 
                {
                    "projectrole" : "asdasd",
                    "experience" : "2"
                }
            ],
            "MethodicalCompetence" : [ 
                {
                    "name" : "asd"
                }, 
                {
                    "name" : "Methodical Tag3"
                }
            ],
            "ItSolutions" : [ 
                {
                    "name" : "It Solutions Tag2"
                }
            ],
            "SolutionFunctionalities" : [ 
                {
                    "name" : "Solution Functionalities Tag2"
                }
            ],
            "OfficeSolution" : [ 
                {
                    "name" : "Office Solution Tag3"
                }
            ],
            "Certificates" : [ 
                {
                    "name" : "Certificate Tag3"
                }
            ],
            "qualification_info_savetype" : "published",
            "published" : true
        },
        "work_experiences" : [ 
            {
                "companyname" : "asdasd",
                "jobtitle" : "asdas",
                "industry" : "asdasd",
                "city" : "asdas",
                "companytype" : "type1",
                "careerlevel" : "career level2",
                "employee" : "50-100",
                "employmenttype" : "Probationer",
                "profjobstartdate" : "21/02/2017",
                "profjobenddate" : "30/03/2017",
                "website" : "",
                "currentposition" : false,
                "positiondesc" : "<p>asdasd</p>",
                "tags" : [ 
                    {
                        "name" : "asd"
                    }, 
                    {
                        "name" : "Project Handling"
                    }
                ],
                "showDiv" : true,
                "worktoggleicon" : "accordion-minus.png",
                "workpublished" : true
            }, 
            {
                "companyname" : "test com",
                "jobtitle" : "job 2",
                "industry" : "IT industry",
                "city" : "kolkata",
                "companytype" : "type2",
                "careerlevel" : "career level2",
                "employee" : "50-100",
                "employmenttype" : "Probationer",
                "profjobstartdate" : "09/02/2017",
                "profjobenddate" : "31/03/2017",
                "website" : "www.test.com",
                "currentposition" : true,
                "positiondesc" : "<p>test</p>",
                "tags" : [ 
                    {
                        "name" : "Project Handling"
                    }, 
                    {
                        "name" : "Tester"
                    }
                ],
                "showDiv" : true,
                "worktoggleicon" : "accordion-minus.png",
                "workpublished" : true
            }
        ],
        "projects_done" : [ 
            {
                "qualification_name" : "Qaulification Tag1,Qaulification Tag5",
                "projcompanyname" : "asdsa",
                "industrysector" : "asdasd",
                "country" : "asdas",
                "city" : "dasdas",
                "contactvia" : "contact4",
                "projecttitle" : "asdasd",
                "projectrole" : "role1",
                "projstartdate" : "21/07/2011",
                "projenddate" : "25/07/2013",
                "projectdesc" : "<p>asdasdasdasd</p>",
                "qualification" : [ 
                    {
                        "name" : "Qaulification Tag1"
                    }, 
                    {
                        "name" : "Qaulification Tag5"
                    }
                ],
                "showDiv" : true,
                "projtoggleicon" : "accordion-minus.png",
                "projectpublished" : true
            }, 
            {
                "qualification_name" : "Qaulification Tag4,Qaulification Tag5",
                "projcompanyname" : "company2",
                "industrysector" : "Industraila sector",
                "country" : "India",
                "city" : "kolkata",
                "contactvia" : "",
                "projecttitle" : "project1",
                "projectrole" : "role2",
                "projstartdate" : "28/02/2017",
                "projenddate" : "21/04/2017",
                "projectdesc" : "<p>test</p>",
                "qualification" : [ 
                    {
                        "name" : "Qaulification Tag4"
                    }, 
                    {
                        "name" : "Qaulification Tag5"
                    }
                ],
                "showDiv" : true,
                "projtoggleicon" : "accordion-minus.png",
                "projectpublished" : true
            }, 
            {
                "qualification_name" : "Qaulification Tag7",
                "projcompanyname" : "company3",
                "industrysector" : "xyz",
                "country" : "canada",
                "city" : "abc",
                "contactvia" : "contact1",
                "projecttitle" : "project1",
                "projectrole" : "role3",
                "projstartdate" : "25/02/2014",
                "projenddate" : "30/07/2015",
                "projectdesc" : "<p>test</p>",
                "qualification" : [ 
                    {
                        "name" : "Qaulification Tag7"
                    }
                ],
                "showDiv" : true,
                "projtoggleicon" : "accordion-minus.png",
                "projectpublished" : true
            }
        ],
        "certificates" : {
            "certcategories" : [ 
                {
                    "categoryid" : "cat1",
                    "categoryname" : "Category1",
                    "showDiv" : true,
                    "cattoggleicon" : "accordion-minus.png",
                    "certificates" : [ 
                        {
                            "index" : 0,
                            "id" : "",
                            "certificatename" : "cert1",
                            "certificationdate" : "23/02/2017",
                            "certificationauthority" : "sdfsd",
                            "certienddate" : "",
                            "certiwithoutexpdate" : true,
                            "certilicensenumber" : "234234",
                            "certidesc" : "<p>cert1 desc</p>",
                            "certificate_image" : "",
                            "showDiv" : true,
                            "certitoggleicon" : "accordion-minus.png",
                            "certpublished" : true
                        }
                    ]
                },
                {
                    "categoryid" : "cat2",
                    "categoryname" : "Category2",
                    "showDiv" : true,
                    "cattoggleicon" : "accordion-minus.png",
                    "certificates" : [ 
                        {
                            "index" : 0,
                            "id" : "",
                            "certificatename" : "cert2",
                            "certificationdate" : "24/02/2017",
                            "certificationauthority" : "sdfsd",
                            "certienddate" : "24/03/2018",
                            "certiwithoutexpdate" : false,
                            "certilicensenumber" : "234234",
                            "certidesc" : "<p>cert2 desc</p>",
                            "certificate_image" : "",
                            "showDiv" : true,
                            "certitoggleicon" : "accordion-minus.png",
                            "certpublished" : true
                        }
                    ]
                }
            ]
        },
        "savetype" : "draft",
        "pageno" : 1,
        "personal_info_savetype" : "draft",
        "educational_info_savetype" : "published",
        "work_experiences_savetype" : "published",
        "projects_done_savetype" : "published",
        "certificates_savetype" : "published"
    }
}