{
   "work_experiences" : [ 
            {
                "companyname" : "asdasd",
                "jobtitle" : "asdas",
                "industry" : "asdasd",
                "city" : "asdas",
                "companytype" : "type1",
                "careerlevel" : "career level2",
                "employee" : "50-100",
                "employmenttype" : "Probationer",
                "profjobstartdate" : "21/02/2017",
                "profjobenddate" : "30/03/2017",
                "website" : "",
                "currentposition" : false,
                "positiondesc" : "<p>asdasd</p>",
                "tags" : [ 
                    {
                        "name" : "asd"
                    }, 
                    {
                        "name" : "Project Handling"
                    }
                ],
                "showDiv" : true,
                "worktoggleicon" : "accordion-minus.png",
                "workpublished" : true
            }, 
            {
                "companyname" : "test com",
                "jobtitle" : "job 2",
                "industry" : "IT industry",
                "city" : "kolkata",
                "companytype" : "type2",
                "careerlevel" : "career level2",
                "employee" : "50-100",
                "employmenttype" : "Probationer",
                "profjobstartdate" : "09/02/2017",
                "profjobenddate" : "31/03/2017",
                "website" : "www.test.com",
                "currentposition" : true,
                "positiondesc" : "<p>test</p>",
                "tags" : [ 
                    {
                        "name" : "Project Handling"
                    }, 
                    {
                        "name" : "Tester"
                    }
                ],
                "showDiv" : true,
                "worktoggleicon" : "accordion-minus.png",
                "workpublished" : true
            }
        ]
}